,Case Type,Case Description,Potential Punishment,Applicable Acts,Severity Score
0,200,"[101, 11065, 1037, 4684, 3042, 102]","[101, 10219, 2005, 2039, 2000, 1017, 2086, 1010, 2030, 2986, 1010, 2030, 2119, 102]","[101, 12997, 2278, 2930, 4261, 2683, 102]",4
1,11,"[101, 19477, 2619, 1999, 1996, 2227, 102]","[101, 10219, 2005, 2039, 2000, 1017, 2086, 1010, 2030, 2986, 1010, 2030, 2119, 102]","[101, 12997, 2278, 2930, 25392, 102]",4
2,119,"[101, 16789, 2619, 2041, 1997, 2769, 102]","[101, 10219, 2005, 2039, 2000, 1021, 2086, 1010, 2030, 2986, 1010, 2030, 2119, 102]","[101, 12997, 2278, 2930, 17442, 102]",3
3,91,"[101, 18840, 6206, 5850, 102]","[101, 10219, 2005, 2039, 2000, 2184, 2086, 1010, 2030, 2986, 1010, 2030, 2119, 102]","[101, 6583, 29566, 4588, 5850, 1998, 18224, 13181, 24330, 13978, 2552, 1010, 3106, 102]",2
4,15,"[101, 5378, 1037, 26470, 2000, 1037, 2270, 7947, 102]","[101, 10219, 2005, 2039, 2000, 1021, 2086, 1010, 2030, 2986, 1010, 2030, 2119, 102]","[101, 9740, 1997, 7897, 2552, 1010, 2997, 102]",3
5,187,"[101, 9680, 2075, 1037, 3576, 102]","[101, 10219, 2005, 2166, 1010, 2030, 2331, 6531, 102]","[101, 3860, 1997, 2336, 2013, 4424, 25173, 1006, 13433, 6169, 2080, 1007, 2552, 1010, 2262, 102]",1
6,215,"[101, 8019, 1999, 1037, 6355, 6186, 102]","[101, 10219, 2005, 2039, 2000, 1017, 2086, 1010, 2030, 2986, 1010, 2030, 2119, 102]","[101, 22300, 3450, 9740, 2552, 1010, 3476, 102]",4
7,7,"[101, 18840, 6206, 13780, 102]","[101, 10219, 2005, 2039, 2000, 1021, 2086, 1010, 2030, 2986, 1010, 2030, 2119, 102]","[101, 2608, 2552, 1010, 3851, 102]",3
8,69,"[101, 23707, 2046, 1037, 3274, 2291, 102]","[101, 10219, 2005, 2039, 2000, 1017, 2086, 1010, 2030, 2986, 1010, 2030, 2119, 102]","[101, 2592, 2974, 1006, 2009, 1007, 2552, 1010, 2456, 102]",4
9,145,"[101, 11065, 1037, 2482, 102]","[101, 11799, 12345, 1010, 17041, 102]","[101, 11799, 3425, 1006, 2729, 1998, 3860, 1997, 2336, 1007, 2552, 1010, 2325, 102]",4
10,93,"[101, 11065, 5029, 2013, 2019, 11194, 102]","[101, 10219, 2005, 2039, 2000, 2403, 2086, 1010, 2030, 2986, 1010, 2030, 2119, 102]","[101, 12997, 2278, 2930, 2871, 2683, 102]",2
11,115,"[101, 4526, 8275, 5491, 102]","[101, 10219, 2005, 2039, 2000, 1021, 2086, 1010, 2030, 2986, 1010, 2030, 2119, 102]","[101, 12997, 2278, 2930, 4805, 2581, 102]",3
12,57,"[101, 5738, 1037, 3200, 2302, 6656, 102]","[101, 10219, 2005, 2039, 2000, 1017, 2086, 1010, 2030, 2986, 1010, 2030, 2119, 102]","[101, 12997, 2278, 2930, 28015, 102]",4
13,36,"[101, 2437, 8275, 9598, 102]","[101, 10219, 2005, 2039, 2000, 1021, 2086, 1010, 2030, 2986, 1010, 2030, 2119, 102]","[101, 12997, 2278, 2930, 4466, 2683, 2050, 102]",3
14,64,"[101, 8701, 1998, 18820, 18965, 2619, 3784, 102]","[101, 10219, 2005, 2039, 2000, 1017, 2086, 1010, 2030, 2986, 1010, 2030, 2119, 102]","[101, 2009, 2552, 1010, 2456, 102]",4
15,88,"[101, 4288, 1037, 2564, 2005, 29603, 102]","[101, 10219, 2005, 2166, 1010, 2030, 2331, 6531, 102]","[101, 12997, 2278, 2930, 23859, 2497, 102]",1
16,188,"[101, 8019, 1999, 1037, 6355, 11240, 2886, 102]","[101, 10219, 2005, 2039, 2000, 2184, 2086, 1010, 2030, 2986, 1010, 2030, 2119, 102]","[101, 12997, 2278, 2930, 16471, 102]",2
17,150,"[101, 15011, 2270, 3200, 102]","[101, 10219, 2005, 2039, 2000, 1017, 2086, 1010, 2030, 2986, 1010, 2030, 2119, 102]","[101, 12997, 2278, 2930, 4413, 2581, 102]",4
18,197,"[101, 8385, 2206, 1998, 18820, 18965, 2619, 102]","[101, 10219, 2005, 2039, 2000, 1017, 2086, 1010, 2030, 2986, 1010, 2030, 2119, 102]","[101, 12997, 2278, 2930, 27878, 2094, 102]",4
19,184,"[101, 27427, 26005, 3372, 5248, 1999, 2270, 102]","[101, 10219, 2005, 2039, 2000, 1017, 2086, 1010, 2030, 2986, 1010, 2030, 2119, 102]","[101, 12997, 2278, 2930, 28135, 102]",4
20,146,"[101, 19935, 14194, 3436, 1037, 2775, 102]","[101, 10219, 2005, 2039, 2000, 1021, 2086, 1010, 2030, 2986, 1010, 2030, 2119, 102]","[101, 12997, 2278, 2930, 4029, 2509, 102]",3
21,131,"[101, 4855, 2111, 2046, 3140, 4450, 2030, 15016, 102]","[101, 10219, 2005, 2039, 2000, 2403, 2086, 1010, 2030, 2986, 1010, 2030, 2119, 102]","[101, 1996, 10047, 22049, 4026, 1006, 9740, 1007, 2552, 1010, 3838, 102]",2
22,129,"[101, 14126, 2619, 2241, 2006, 2037, 4767, 102]","[101, 10219, 2005, 2039, 2000, 1019, 2086, 1010, 2030, 2986, 1010, 2030, 2119, 102]","[101, 12997, 2278, 2930, 16710, 2050, 102]",3
23,162,"[101, 16401, 6206, 2769, 2046, 9428, 11476, 5029, 102]","[101, 10219, 2005, 2039, 2000, 1021, 2086, 1010, 2030, 2986, 1010, 2030, 2119, 102]","[101, 9740, 1997, 2769, 28289, 2552, 1010, 2526, 102]",3
24,5,"[101, 17153, 16037, 2030, 4288, 2019, 4111, 102]","[101, 10219, 2005, 2039, 2000, 1019, 2086, 1010, 2030, 2986, 1010, 2030, 2119, 102]","[101, 9740, 1997, 18186, 2000, 4176, 2552, 1010, 3624, 102]",3
25,96,"[101, 4786, 7386, 2000, 1996, 4044, 102]","[101, 10219, 2005, 2039, 2000, 1021, 2086, 1010, 2030, 2986, 1010, 2030, 2119, 102]","[101, 1996, 4044, 1006, 3860, 1007, 2552, 1010, 3069, 102]",3
26,111,"[101, 17214, 4842, 2075, 2007, 2833, 2000, 2191, 2009, 25135, 2005, 8381, 102]","[101, 10219, 2005, 2039, 2000, 1020, 2706, 1010, 2030, 2986, 1010, 2030, 2119, 102]","[101, 1996, 9740, 1997, 2833, 4639, 16754, 2552, 1010, 4051, 102]",5
27,124,"[101, 4082, 2030, 8019, 1999, 6206, 12219, 3450, 102]","[101, 10219, 2005, 2039, 2000, 1017, 2086, 1010, 2030, 2986, 1010, 2030, 2119, 102]","[101, 1996, 2270, 12219, 2552, 1010, 7517, 102]",4
28,32,"[101, 2478, 2619, 2842, 1005, 1055, 7789, 3200, 2302, 6656, 102]","[101, 10219, 2005, 2039, 2000, 1017, 2086, 1010, 2030, 2986, 1010, 2030, 2119, 102]","[101, 1996, 9385, 2552, 1010, 3890, 102]",4
29,202,"[101, 2478, 2619, 2842, 1005, 1055, 5068, 11749, 2302, 6656, 102]","[101, 10219, 2005, 2039, 2000, 1017, 2086, 1010, 2030, 2986, 1010, 2030, 2119, 102]","[101, 1996, 11749, 2015, 2552, 1010, 2639, 102]",4
30,2,"[101, 11434, 2619, 2000, 10797, 5920, 102]","[101, 10219, 2005, 2039, 2000, 2184, 2086, 1010, 2030, 2986, 1010, 2030, 2119, 102]","[101, 12997, 2278, 2930, 24622, 102]",2
31,60,"[101, 4288, 2619, 2302, 26563, 2098, 18557, 102]","[101, 10219, 2005, 2039, 2000, 2184, 2086, 1010, 2030, 2986, 1010, 2030, 2119, 102]","[101, 12997, 2278, 2930, 23859, 102]",2
32,229,"[101, 21392, 4691, 2046, 2619, 1005, 1055, 9394, 2302, 2037, 9619, 102]","[101, 10219, 2005, 2039, 2000, 1017, 2086, 1010, 2030, 2986, 1010, 2030, 2119, 102]","[101, 12997, 2278, 2930, 27878, 2278, 102]",3
33,13,"[101, 13516, 2619, 2096, 2525, 2496, 2000, 2178, 2711, 102]","[101, 10219, 2005, 2039, 2000, 1021, 2086, 1010, 2030, 2986, 1010, 2030, 2119, 102]","[101, 12997, 2278, 2930, 4749, 2549, 102]",3
34,80,"[101, 2437, 6270, 1998, 13366, 8067, 7062, 8635, 2055, 2619, 102]","[101, 10219, 2005, 2039, 2000, 1016, 2086, 1010, 2030, 2986, 1010, 2030, 2119, 102]","[101, 12997, 2278, 2930, 3156, 102]",4
35,27,"[101, 2478, 15571, 2965, 2000, 2663, 2012, 12219, 102]","[101, 10219, 2005, 2039, 2000, 1017, 2086, 1010, 2030, 2986, 1010, 2030, 2119, 102]","[101, 2270, 12219, 2552, 1010, 7517, 102]",5
36,194,"[101, 5026, 5350, 17800, 2046, 2030, 2041, 1997, 1037, 2406, 102]","[101, 10219, 2005, 2039, 2000, 1021, 2086, 1010, 2030, 2986, 1010, 2030, 2119, 102]","[101, 1996, 8205, 2552, 1010, 3705, 102]",3
37,198,"[101, 7989, 2000, 3477, 7773, 2349, 102]","[101, 10219, 2005, 2039, 2000, 1021, 2086, 1010, 2030, 2986, 1010, 2030, 2119, 102]","[101, 1996, 3318, 4171, 2552, 1010, 3777, 102]",3
38,142,"[101, 2478, 18777, 2592, 2000, 3119, 15768, 2005, 5618, 102]","[101, 10219, 2005, 2039, 2000, 2184, 2086, 1010, 2030, 2986, 1010, 2030, 2119, 102]","[101, 1996, 12012, 1998, 3863, 2604, 1997, 2634, 1006, 7367, 5638, 1007, 2552, 1010, 2826, 102]",4
39,98,"[101, 22624, 2005, 1037, 3097, 2231, 102]","[101, 10219, 2005, 2166, 1010, 2030, 2331, 6531, 102]","[101, 1996, 2880, 7800, 2552, 1010, 4927, 102]",3
40,63,"[101, 8385, 3967, 2075, 1998, 18820, 18965, 2619, 3784, 102]","[101, 10219, 2005, 2039, 2000, 1017, 2086, 1010, 2030, 2986, 1010, 2030, 2119, 102]","[101, 2009, 2552, 1010, 2456, 102]",4
41,48,"[101, 28616, 18161, 2769, 18011, 2000, 2068, 102]","[101, 10219, 2005, 2039, 2000, 1021, 2086, 1010, 2030, 2986, 1010, 2030, 2119, 102]","[101, 12997, 2278, 2930, 23988, 102]",5
42,113,"[101, 4855, 2833, 2008, 3084, 2111, 5305, 102]","[101, 10219, 2005, 2039, 2000, 1020, 2706, 1010, 2030, 2986, 1010, 2030, 2119, 102]","[101, 9740, 1997, 2833, 4639, 16754, 2552, 1010, 4051, 102]",5
43,62,"[101, 11381, 2769, 2030, 3200, 2083, 3784, 17575, 102]","[101, 10219, 2005, 2039, 2000, 1017, 2086, 1010, 2030, 2986, 1010, 2030, 2119, 102]","[101, 2009, 2552, 1010, 2456, 102]",3
44,166,"[101, 24324, 2007, 1037, 2610, 4812, 102]","[101, 10219, 2005, 2039, 2000, 1021, 2086, 1010, 2030, 2986, 1010, 2030, 2119, 102]","[101, 12997, 2278, 2930, 19609, 102]",4
45,173,"[101, 4688, 2104, 11292, 1999, 2457, 102]","[101, 10219, 2005, 2039, 2000, 1021, 2086, 1010, 2030, 2986, 1010, 2030, 2119, 102]","[101, 12997, 2278, 2930, 19871, 102]",4
46,8,"[101, 17800, 17731, 4255, 102]","[101, 10219, 2005, 2039, 2000, 2403, 2086, 1010, 2030, 2986, 1010, 2030, 2119, 102]","[101, 2608, 2552, 1010, 3851, 102]",3
47,186,"[101, 4526, 1037, 2270, 16915, 102]","[101, 10219, 2005, 2039, 2000, 1017, 2706, 1010, 2030, 2986, 1010, 2030, 2119, 102]","[101, 12997, 2278, 2930, 17222, 102]",3
48,183,"[101, 11973, 1999, 3293, 3348, 2147, 102]","[101, 10219, 2005, 2039, 2000, 1017, 2706, 1010, 2030, 2986, 1010, 2030, 2119, 102]","[101, 10047, 22049, 4026, 1006, 9740, 1007, 2552, 1010, 3838, 102]",5
49,51,"[101, 4041, 1998, 16191, 2000, 10797, 1037, 4126, 102]","[101, 10219, 2005, 2039, 2000, 1021, 2086, 1010, 2030, 2986, 1010, 2030, 2119, 102]","[101, 12997, 2278, 2930, 6036, 2050, 102]",5
50,23,"[101, 1999, 29301, 2075, 3809, 6441, 2006, 2619, 102]","[101, 10219, 2005, 2039, 2000, 2184, 2086, 1010, 2030, 2986, 1010, 2030, 2119, 102]","[101, 12997, 2278, 2930, 19652, 102]",3
51,149,"[101, 2635, 6664, 1997, 2178, 1005, 1055, 3200, 17800, 102]","[101, 10219, 2005, 2039, 2000, 1016, 2086, 1010, 2030, 2986, 1010, 2030, 2119, 102]","[101, 12997, 2278, 1010, 2930, 28203, 102]",5
52,117,"[101, 4526, 6270, 5491, 2005, 6206, 5682, 102]","[101, 10219, 2005, 2039, 2000, 1021, 2086, 1010, 2030, 2986, 1010, 2030, 2119, 102]","[101, 12997, 2278, 2930, 4805, 2629, 102]",4
53,53,"[101, 8701, 2619, 2007, 4808, 2030, 7386, 102]","[101, 10219, 2005, 2039, 2000, 1016, 2086, 1010, 2030, 2986, 1010, 2030, 2119, 102]","[101, 12997, 2278, 2930, 2753, 2575, 102]",4
54,215,"[101, 8019, 1999, 1037, 7215, 2007, 1996, 7848, 2000, 10797, 4808, 102]","[101, 10219, 2005, 2039, 2000, 1017, 2086, 1010, 2030, 2986, 1010, 2030, 2119, 102]","[101, 12997, 2278, 1010, 2930, 16065, 102]",3
55,89,"[101, 3395, 2075, 1037, 2564, 2000, 18186, 2005, 29603, 102]","[101, 10219, 2005, 2039, 2000, 1017, 2086, 1010, 2030, 2986, 1010, 2030, 2119, 102]","[101, 12997, 2278, 2930, 4749, 2620, 2050, 102]",3
56,193,"[101, 18162, 4424, 9849, 2030, 3558, 3967, 102]","[101, 10219, 2005, 2039, 2000, 1017, 2086, 1010, 2030, 2986, 1010, 2030, 2119, 102]","[101, 12997, 2278, 2930, 27878, 2050, 102]",2
57,59,"[101, 1999, 29301, 2075, 14203, 3255, 2030, 6114, 2006, 4176, 102]","[101, 10219, 2005, 2039, 2000, 1019, 2086, 1010, 2030, 2986, 1010, 2030, 2119, 102]","[101, 9740, 1997, 18186, 2000, 4176, 2552, 1010, 3624, 102]",5
58,79,"[101, 15011, 2030, 3158, 9305, 6026, 2270, 3200, 102]","[101, 10219, 2005, 2039, 2000, 1016, 2086, 1010, 2030, 2986, 1010, 2030, 2119, 102]","[101, 12997, 2278, 2930, 4413, 2581, 102]",5
59,31,"[101, 4487, 6499, 19182, 2075, 2030, 23979, 1996, 2457, 1005, 1055, 3691, 102]","[101, 10219, 2005, 2039, 2000, 1020, 2706, 1010, 2030, 2986, 1010, 2030, 2119, 102]","[101, 17152, 1997, 5434, 2552, 1010, 3411, 102]",5
60,126,"[101, 8550, 24641, 3229, 2000, 1037, 3274, 2291, 102]","[101, 10219, 2005, 2039, 2000, 1017, 2086, 1010, 2030, 2986, 1010, 2030, 2119, 102]","[101, 2009, 2552, 1010, 2456, 102]",4
61,147,"[101, 4786, 7386, 2000, 1037, 5776, 2349, 2000, 2658, 23337, 102]","[101, 10219, 2005, 2039, 2000, 1021, 2086, 1010, 2030, 2986, 1010, 2030, 2119, 102]","[101, 2796, 2966, 2473, 2552, 1010, 3838, 102]",4
62,26,"[101, 2478, 15571, 2965, 2000, 3413, 2019, 11360, 102]","[101, 10219, 2005, 2039, 2000, 1016, 2086, 1010, 2030, 2986, 1010, 2030, 2119, 102]","[101, 12997, 2278, 1010, 2930, 4601, 2683, 102]",5
63,160,"[101, 11065, 2030, 28616, 18161, 2270, 2769, 102]","[101, 10219, 2005, 2039, 2000, 1021, 2086, 1010, 2030, 2986, 1010, 2030, 2119, 102]","[101, 9740, 1997, 7897, 2552, 1010, 2997, 102]",5
64,189,"[101, 8019, 1999, 1037, 6355, 11240, 2008, 4520, 2543, 2000, 3200, 102]","[101, 10219, 2005, 2039, 2000, 2184, 2086, 1010, 2030, 2986, 1010, 2030, 2119, 102]","[101, 12997, 2278, 5433, 16471, 1004, 4724, 2575, 102]",3
65,61,"[101, 2478, 3784, 7248, 2000, 13366, 14074, 2619, 102]","[101, 10219, 2005, 2039, 2000, 1017, 2086, 1010, 2030, 2986, 1010, 2030, 2119, 102]","[101, 2009, 2552, 1010, 2456, 102]",4
66,39,"[101, 2437, 1998, 4855, 8275, 5850, 102]","[101, 10219, 2005, 2039, 2000, 2184, 2086, 1010, 2030, 2986, 1010, 2030, 2119, 102]","[101, 1996, 5850, 1998, 25381, 2552, 1010, 3878, 102]",4
67,114,"[101, 4082, 1037, 2833, 2449, 2302, 5372, 19548, 1998, 3808, 4781, 102]","[101, 10219, 2005, 2039, 2000, 1020, 2706, 1010, 2030, 2986, 1010, 2030, 2119, 102]","[101, 9740, 1997, 2833, 4639, 16754, 2552, 1010, 4051, 102]",4
68,230,"[101, 5933, 1998, 4288, 5123, 6870, 102]","[101, 10219, 2005, 2039, 2000, 1021, 2086, 1010, 2030, 2986, 1010, 2030, 2119, 102]","[101, 1996, 6870, 3860, 2552, 1010, 3285, 102]",4
69,216,"[101, 8019, 1999, 1037, 6355, 11240, 4273, 2007, 4795, 4255, 102]","[101, 10219, 2005, 2166, 1010, 2030, 2331, 6531, 102]","[101, 12997, 2278, 2930, 16471, 1004, 12997, 2278, 2930, 16459, 102]",3
70,101,"[101, 9694, 2769, 2030, 3200, 2104, 5081, 102]","[101, 10219, 2005, 2039, 2000, 1017, 2086, 1010, 2030, 2986, 1010, 2030, 2119, 102]","[101, 12997, 2278, 2930, 4229, 2549, 102]",2
71,50,"[101, 28616, 18161, 2037, 2880, 2597, 2005, 3167, 5114, 102]","[101, 10219, 2005, 2039, 2000, 1021, 2086, 1010, 2030, 2986, 1010, 2030, 2119, 102]","[101, 12997, 2278, 2930, 2871, 2683, 102]",4
72,118,"[101, 4526, 8275, 5491, 2000, 6855, 2769, 2030, 4923, 102]","[101, 10219, 2005, 2039, 2000, 2184, 2086, 1010, 2030, 2986, 1010, 2030, 2119, 102]","[101, 12997, 2278, 2930, 4805, 2581, 102]",4
73,54,"[101, 8701, 2619, 10812, 2135, 2083, 4144, 1010, 22028, 1010, 2030, 3042, 4455, 102]","[101, 10219, 2005, 2039, 2000, 1016, 2086, 1010, 2030, 2986, 1010, 2030, 2119, 102]","[101, 12997, 2278, 2930, 2753, 2581, 102]",5
74,102,"[101, 4526, 8275, 3350, 2000, 28616, 19738, 2094, 1037, 2457, 102]","[101, 10219, 2005, 2039, 2000, 1021, 2086, 1010, 2030, 2986, 1010, 2030, 2119, 102]","[101, 12997, 2278, 2930, 17613, 102]",1
75,20,"[101, 5378, 2030, 3228, 1037, 26470, 2000, 1037, 2270, 2880, 102]","[101, 10219, 2005, 2039, 2000, 1021, 2086, 1010, 2030, 2986, 1010, 2030, 2119, 102]","[101, 9740, 1997, 7897, 2552, 1010, 2997, 102]",3
76,52,"[101, 4041, 1998, 9530, 13102, 24771, 2000, 16857, 1996, 2231, 102]","[101, 10219, 2005, 2166, 1010, 2030, 2331, 6531, 102]","[101, 12997, 2278, 2930, 12606, 2050, 102]",4
77,1,"[101, 11434, 1037, 2775, 2000, 10797, 5920, 102]","[101, 10219, 2005, 2039, 2000, 2184, 2086, 1010, 2030, 2986, 1010, 2030, 2119, 102]","[101, 12997, 2278, 2930, 20405, 102]",5
78,22,"[101, 4786, 2619, 1005, 1055, 2331, 2349, 2000, 27988, 102]","[101, 10219, 2005, 2039, 2000, 1016, 2086, 1010, 2030, 2986, 1010, 2030, 2119, 102]","[101, 12997, 2278, 2930, 23859, 2050, 102]",4
79,49,"[101, 28616, 18161, 2769, 2030, 3200, 18011, 2005, 2449, 5682, 102]","[101, 10219, 2005, 2039, 2000, 1021, 2086, 1010, 2030, 2986, 1010, 2030, 2119, 102]","[101, 12997, 2278, 2930, 2871, 2620, 102]",4
80,25,"[101, 11703, 7416, 6455, 2619, 2000, 6855, 2037, 3200, 102]","[101, 10219, 2005, 2039, 2000, 1021, 2086, 1010, 2030, 2986, 1010, 2030, 2119, 102]","[101, 12997, 2278, 2930, 24690, 102]",4
81,151,"[101, 15734, 15011, 3200, 102]","[101, 10219, 2005, 2039, 2000, 1019, 2086, 1010, 2030, 2986, 1010, 2030, 2119, 102]","[101, 12997, 2278, 2930, 4413, 2575, 102]",4
82,47,"[101, 7989, 2000, 13883, 1996, 3408, 1997, 1037, 3206, 102]","[101, 10219, 2005, 2039, 2000, 1017, 2086, 1010, 2030, 2986, 1010, 2030, 2119, 102]","[101, 12997, 2278, 2930, 24837, 102]",3
83,58,"[101, 5738, 2619, 1005, 1055, 3200, 2007, 1996, 7848, 2000, 3426, 7386, 102]","[101, 10219, 2005, 2039, 2000, 1016, 2086, 1010, 2030, 2986, 1010, 2030, 2119, 102]","[101, 12997, 2278, 2930, 3429, 2475, 102]",3
84,154,"[101, 11065, 6451, 2005, 3167, 2224, 102]","[101, 10219, 2005, 2039, 2000, 1017, 2706, 1010, 2030, 2986, 1010, 2030, 2119, 102]","[101, 6451, 2552, 1010, 2494, 102]",4
85,38,"[101, 2437, 1998, 4855, 8275, 9598, 102]","[101, 10219, 2005, 2039, 2000, 1021, 2086, 1010, 2030, 2986, 1010, 2030, 2119, 102]","[101, 12997, 2278, 2930, 4466, 2683, 102]",4
86,196,"[101, 5026, 1999, 2030, 2635, 2041, 9062, 11970, 17800, 102]","[101, 10219, 2005, 2039, 2000, 1021, 2086, 1010, 2030, 2986, 1010, 2030, 2119, 102]","[101, 8205, 2552, 1010, 3705, 102]",2
87,224,"[101, 5860, 8167, 4726, 8554, 13210, 7666, 2030, 7386, 2075, 1996, 4044, 1999, 11371, 1997, 7040, 102]","[101, 10219, 2005, 2039, 2000, 1019, 2086, 1010, 2030, 2986, 1010, 2030, 2119, 102]","[101, 1996, 4044, 1006, 3860, 1007, 2552, 1010, 3069, 102]",4
88,226,"[101, 18077, 2075, 3667, 2030, 20084, 2037, 2916, 102]","[101, 10219, 2005, 2039, 2000, 1019, 2086, 1010, 2030, 2986, 1010, 2030, 2119, 102]","[101, 1996, 20886, 4428, 2291, 1006, 15766, 1007, 2552, 1010, 3299, 102]",3
89,223,"[101, 4855, 25135, 2030, 28829, 3688, 1010, 2030, 11973, 1999, 15571, 6078, 102]","[101, 10219, 2005, 2039, 2000, 1017, 2086, 1010, 2030, 2986, 1010, 2030, 2119, 102]","[101, 7325, 3860, 2552, 1010, 10476, 102]",4
90,0,"[101, 2635, 2619, 2114, 2037, 2097, 1998, 4363, 2068, 12302, 102]","[101, 10219, 2005, 2039, 2000, 1021, 2086, 1010, 2030, 2986, 1010, 2030, 2119, 102]","[101, 12997, 2278, 2930, 19342, 102]",3
91,217,"[101, 8019, 1999, 1037, 7215, 2007, 1996, 7848, 2000, 3426, 4808, 102]","[101, 10219, 2005, 2039, 2000, 2184, 2086, 1010, 2030, 2986, 1010, 2030, 2119, 102]","[101, 12997, 2278, 2930, 16333, 102]",3
92,81,"[101, 15011, 2030, 4078, 8586, 15172, 1037, 3412, 2609, 102]","[101, 10219, 2005, 2039, 2000, 1016, 2086, 1010, 2030, 2986, 1010, 2030, 2119, 102]","[101, 12997, 2278, 2930, 21679, 102]",3
93,182,"[101, 9359, 11150, 2030, 4297, 15402, 4808, 2114, 1037, 3327, 2177, 102]","[101, 10219, 2005, 2039, 2000, 1019, 2086, 1010, 2030, 2986, 1010, 2030, 2119, 102]","[101, 12997, 2278, 2930, 16710, 2050, 102]",3
94,138,"[101, 5026, 1999, 2030, 2635, 2041, 12581, 13216, 4475, 102]","[101, 10219, 2005, 2039, 2000, 1017, 2086, 1010, 2030, 2986, 1010, 2030, 2119, 102]","[101, 1996, 8205, 2552, 1010, 3705, 102]",4
95,225,"[101, 2478, 2619, 2842, 1005, 1055, 7789, 3200, 2302, 6656, 102]","[101, 10219, 2005, 2039, 2000, 1017, 2086, 1010, 2030, 2986, 1010, 2030, 2119, 102]","[101, 1996, 9385, 2552, 1010, 3890, 102]",4
96,222,"[101, 3395, 2075, 4176, 2000, 18186, 2030, 19046, 102]","[101, 10219, 2005, 2039, 2000, 1016, 2086, 1010, 2030, 2986, 1010, 2030, 2119, 102]","[101, 9740, 1997, 18186, 2000, 4176, 2552, 1010, 3624, 102]",4
97,155,"[101, 2437, 6270, 4455, 2000, 5057, 2578, 102]","[101, 10219, 2005, 2039, 2000, 1020, 2706, 1010, 2030, 2986, 1010, 2030, 2119, 102]","[101, 2796, 10013, 2552, 1010, 6571, 102]",5
98,165,"[101, 24324, 2007, 1037, 2610, 2961, 2030, 2060, 2231, 2880, 1999, 2037, 2147, 102]","[101, 10219, 2005, 2039, 2000, 1017, 2086, 1010, 2030, 2986, 1010, 2030, 2119, 102]","[101, 12997, 2278, 2930, 19609, 102]",4
99,108,"[101, 4688, 2104, 11292, 1999, 2019, 21358, 8873, 29045, 4183, 102]","[101, 10219, 2005, 2039, 2000, 1021, 2086, 1010, 2030, 2986, 1010, 2030, 2119, 102]","[101, 12997, 2278, 2930, 20713, 102]",3
100,103,"[101, 4526, 1998, 10886, 6270, 3350, 2000, 3308, 7699, 20462, 2619, 102]","[101, 10219, 2005, 2166, 102]","[101, 12997, 2278, 2930, 17317, 102]",1
101,55,"[101, 8701, 2619, 10812, 2135, 2083, 4144, 1010, 22028, 1010, 2030, 3042, 4455, 1010, 4919, 2007, 1996, 7848, 2000, 4487, 21338, 20891, 2068, 102]","[101, 10219, 2005, 2039, 2000, 1017, 2086, 1010, 2030, 2986, 1010, 2030, 2119, 102]","[101, 12997, 2278, 2930, 2753, 2581, 102]",4
102,56,"[101, 2635, 6664, 1997, 18011, 3200, 1998, 2478, 2009, 2005, 3167, 5114, 102]","[101, 10219, 2005, 2039, 2000, 1021, 2086, 1010, 2030, 2986, 1010, 2030, 2119, 102]","[101, 12997, 2278, 2930, 28203, 102]",4
103,122,"[101, 4526, 1998, 6608, 1037, 6254, 14391, 3200, 2478, 1037, 6270, 4861, 1997, 3643, 102]","[101, 10219, 2005, 2039, 2000, 1021, 2086, 1010, 2030, 2986, 1010, 2030, 2119, 102]","[101, 12997, 2278, 2930, 17442, 102]",4
104,219,"[101, 2478, 2619, 2842, 1005, 1055, 11749, 2302, 6656, 102]","[101, 10219, 2005, 2039, 2000, 1017, 2086, 1010, 2030, 2986, 1010, 2030, 2119, 102]","[101, 1996, 3119, 6017, 2552, 1010, 2639, 102]",5
105,191,"[101, 4855, 5350, 2007, 6270, 2030, 22369, 13271, 102]","[101, 10219, 2005, 2039, 2000, 1016, 2086, 1010, 2030, 2986, 1010, 2030, 2119, 102]","[101, 1996, 5096, 1997, 5350, 2552, 1010, 4479, 102]",5
106,104,"[101, 15734, 11193, 2000, 3477, 5126, 2037, 12678, 102]","[101, 10219, 2005, 2039, 2000, 1017, 2706, 1010, 2030, 2986, 1010, 2030, 2119, 102]","[101, 1996, 7909, 1997, 12678, 2552, 1010, 4266, 102]",5
107,4,"[101, 5815, 17631, 2030, 14092, 13978, 2000, 2833, 2030, 4392, 3832, 2005, 5096, 102]","[101, 10219, 2005, 2039, 2000, 1020, 2706, 1010, 2030, 2986, 1010, 2030, 2119, 102]","[101, 9740, 1997, 2833, 4639, 16754, 2552, 1010, 4051, 102]",5
108,228,"[101, 2437, 6270, 2030, 22369, 4447, 2055, 1996, 3896, 1997, 5850, 2030, 2128, 7583, 3111, 102]","[101, 10219, 2005, 2039, 2000, 1019, 2086, 1010, 2030, 2986, 1010, 2030, 2119, 102]","[101, 1996, 5850, 1998, 3894, 2128, 7583, 3111, 1006, 22224, 3085, 14389, 1007, 2552, 1010, 4051, 102]",3
109,139,"[101, 5026, 1999, 2030, 2635, 2041, 17760, 4475, 2302, 1996, 5372, 20104, 102]","[101, 10219, 2005, 2039, 2000, 1021, 2086, 1010, 2030, 2986, 1010, 2030, 2331, 6531, 1999, 2553, 1997, 6034, 27988, 102]","[101, 1996, 17760, 5949, 2015, 1006, 2968, 1010, 8304, 1998, 9099, 15494, 5649, 2929, 1007, 3513, 1010, 2263, 102]",3
110,46,"[101, 2109, 7376, 4923, 5329, 2000, 2191, 17402, 102]","[101, 10219, 2005, 2039, 2000, 2184, 2086, 1010, 2030, 2986, 1010, 2030, 2119, 102]","[101, 12997, 2278, 2930, 4466, 2683, 2278, 102]",2
111,37,"[101, 2580, 1998, 2109, 8275, 9598, 102]","[101, 10219, 2005, 2039, 2000, 1021, 2086, 1010, 2030, 2986, 1010, 2030, 2119, 102]","[101, 12997, 2278, 2930, 4466, 2683, 2050, 102]",3
112,162,"[101, 4015, 6206, 5029, 2000, 19819, 2037, 4761, 102]","[101, 10219, 2005, 2039, 2000, 1021, 2086, 1010, 2030, 2986, 1010, 2030, 2119, 102]","[101, 7610, 2721, 1006, 9740, 1997, 2769, 28289, 2552, 1007, 102]",4
113,194,"[101, 17800, 9687, 5350, 2408, 6645, 102]","[101, 10219, 2005, 2039, 2000, 1021, 2086, 1010, 2030, 2986, 1010, 2030, 2119, 102]","[101, 8205, 2552, 102]",4
114,92,"[101, 9687, 1998, 2853, 6206, 5850, 102]","[101, 2166, 10219, 2030, 2331, 102]","[101, 21915, 2015, 2552, 102]",1
115,180,"[101, 3079, 2030, 8679, 6206, 13780, 2030, 14792, 102]","[101, 10219, 2005, 2039, 2000, 1021, 2086, 1010, 2030, 2986, 1010, 2030, 2119, 102]","[101, 2608, 2552, 102]",4
116,69,"[101, 5462, 1037, 4126, 2478, 1037, 3274, 2030, 1996, 4274, 102]","[101, 10219, 2005, 2039, 2000, 1017, 2086, 1010, 2030, 2986, 1010, 2030, 2119, 102]","[101, 2009, 2552, 102]",4
117,167,"[101, 4372, 4588, 2098, 2030, 18516, 1037, 2775, 3784, 102]","[101, 2166, 10219, 2030, 2331, 102]","[101, 13433, 6169, 2080, 2552, 102]",1
118,32,"[101, 17800, 22817, 1998, 5500, 9385, 2098, 3430, 102]","[101, 10219, 2005, 2039, 2000, 1017, 2086, 1010, 2030, 2986, 1010, 2030, 2119, 102]","[101, 9385, 2552, 102]",4
119,78,"[101, 10312, 7591, 2951, 2013, 1037, 3274, 2291, 102]","[101, 10219, 2005, 2039, 2000, 1017, 2086, 1010, 2030, 2986, 1010, 2030, 2119, 102]","[101, 2009, 2552, 102]",4
120,142,"[101, 2109, 18777, 2592, 2000, 3119, 15768, 102]","[101, 10219, 2005, 2039, 2000, 1021, 2086, 1010, 2030, 2986, 1010, 2030, 2119, 102]","[101, 7367, 5638, 1006, 12012, 1998, 3863, 2604, 1997, 2634, 1007, 2552, 102]",3
121,198,"[101, 3478, 2000, 3477, 7773, 2006, 3318, 102]","[101, 10219, 2005, 2039, 2000, 1021, 2086, 1010, 2030, 2986, 1010, 2030, 2119, 102]","[101, 3318, 4171, 2552, 102]",4
122,106,"[101, 2081, 22369, 2030, 11703, 22048, 8635, 2055, 1037, 4031, 2030, 2326, 102]","[101, 10219, 2005, 2039, 2000, 1016, 2086, 1010, 2030, 2986, 1010, 2030, 2119, 102]","[101, 7325, 3860, 2552, 102]",5
123,212,"[101, 5117, 1999, 15571, 2449, 6078, 2008, 25596, 10159, 2030, 10390, 102]","[101, 10219, 2005, 2039, 2000, 1017, 2086, 1010, 2030, 2986, 1010, 2030, 2119, 102]","[101, 2971, 2552, 102]",5
124,45,"[101, 2109, 8275, 11749, 2015, 2006, 3688, 2030, 2578, 102]","[101, 10219, 2005, 2039, 2000, 1017, 2086, 1010, 2030, 2986, 1010, 2030, 2119, 102]","[101, 11749, 2552, 102]",5
125,181,"[101, 17214, 4842, 2098, 2007, 3688, 2000, 3426, 7386, 2030, 17575, 102]","[101, 10219, 2005, 2039, 2000, 1021, 2086, 1010, 2030, 2986, 1010, 2030, 2119, 102]","[101, 12997, 2278, 2930, 24231, 102]",3
126,185,"[101, 2596, 1999, 2270, 2046, 9048, 12921, 2000, 2019, 5805, 3014, 102]","[101, 10219, 2005, 2039, 2000, 2484, 2847, 1010, 2030, 2986, 1010, 2030, 2119, 102]","[101, 12997, 2278, 2930, 23475, 102]",5
127,86,"[101, 3303, 1037, 2270, 16915, 2030, 16371, 28138, 102]","[101, 10219, 2005, 2039, 2000, 1020, 2706, 1010, 2030, 2986, 1010, 2030, 2119, 102]","[101, 12997, 2278, 2930, 8148, 102]",5
128,220,"[101, 12858, 2030, 8840, 21646, 2075, 1999, 2270, 2302, 1037, 26410, 3800, 102]","[101, 10219, 2005, 2039, 2000, 1015, 3204, 1010, 2030, 2986, 1010, 2030, 2119, 102]","[101, 12997, 2278, 2930, 17365, 102]",5
129,140,"[101, 6086, 2037, 8991, 18400, 2015, 1999, 2270, 102]","[101, 10219, 2005, 2039, 2000, 1017, 2706, 1010, 2030, 2986, 1010, 2030, 2119, 102]","[101, 12997, 2278, 2930, 28135, 102]",5
130,183,"[101, 5117, 1999, 1996, 2552, 1997, 15016, 102]","[101, 10219, 2005, 2039, 2000, 1020, 2706, 1010, 2030, 2986, 1010, 2030, 2119, 102]","[101, 10047, 22049, 4026, 1006, 9740, 1007, 2552, 102]",5
131,125,"[101, 4114, 2030, 4194, 1999, 6206, 12219, 3450, 102]","[101, 10219, 2005, 2039, 2000, 1017, 2086, 1010, 2030, 2986, 1010, 2030, 2119, 102]","[101, 12219, 2552, 102]",4
132,179,"[101, 8679, 2235, 12450, 1997, 6206, 5850, 2005, 3167, 2224, 102]","[101, 10219, 2005, 2039, 2000, 1020, 2706, 1010, 2030, 2986, 1010, 2030, 2119, 102]","[101, 21915, 2015, 2552, 102]",5
133,90,"[101, 3498, 1037, 4316, 2096, 2046, 9048, 12921, 102]","[101, 10219, 2005, 2039, 2000, 1020, 2706, 1010, 2030, 2986, 1010, 2030, 2119, 1010, 1998, 4062, 1005, 1055, 6105, 8636, 102]","[101, 5013, 4683, 2552, 102]",5
134,203,"[101, 14872, 1996, 3177, 5787, 2030, 5462, 2178, 4026, 10048, 102]","[101, 2986, 2030, 4062, 1005, 1055, 6105, 8636, 1012, 102]","[101, 5013, 4683, 2552, 102]",5
135,163,"[101, 2580, 11664, 5005, 1999, 1037, 5647, 2181, 102]","[101, 2986, 2030, 9530, 8873, 15782, 3508, 1997, 5005, 1011, 2437, 3941, 102]","[101, 5005, 10796, 1006, 7816, 1998, 2491, 1007, 3513, 102]",5
136,178,"[101, 14682, 1998, 7007, 10193, 4176, 102]","[101, 10219, 2005, 2039, 2000, 1021, 2086, 1010, 2030, 2986, 1010, 2030, 2119, 102]","[101, 6870, 3860, 2552, 102]",3
137,96,"[101, 8554, 12926, 2250, 1010, 2300, 1010, 2030, 2455, 102]","[101, 10219, 2005, 2039, 2000, 1019, 2086, 1010, 2030, 2986, 1010, 2030, 2119, 102]","[101, 4044, 3860, 2552, 102]",4
138,75,"[101, 28186, 1998, 15858, 2619, 3784, 102]","[101, 10219, 2005, 2039, 2000, 1017, 2086, 1010, 2030, 2986, 1010, 2030, 2119, 102]","[101, 2009, 2552, 102]",4
139,80,"[101, 2405, 6270, 1998, 13366, 8067, 7062, 8635, 2055, 2619, 102]","[101, 10219, 2005, 2039, 2000, 1016, 2086, 1010, 2030, 2986, 1010, 2030, 2119, 102]","[101, 12997, 2278, 2930, 4749, 2683, 102]",4
140,9,"[101, 9969, 2275, 2543, 2000, 1037, 3200, 102]","[101, 10219, 2005, 2039, 2000, 1021, 2086, 1010, 2030, 2986, 1010, 2030, 2119, 102]","[101, 12997, 2278, 2930, 4724, 2575, 102]",3
141,21,"[101, 3133, 1037, 3200, 2007, 7848, 2000, 8954, 102]","[101, 10219, 2005, 2039, 2000, 1021, 2086, 1010, 2030, 2986, 1010, 2030, 2119, 102]","[101, 12997, 2278, 2930, 3429, 2581, 102]",3
142,190,"[101, 10312, 3200, 2013, 2619, 2478, 2486, 2030, 28973, 102]","[101, 10219, 2005, 2039, 2000, 2184, 2086, 1010, 2030, 2986, 1010, 2030, 2119, 102]","[101, 12997, 2278, 2930, 4464, 2475, 102]",2
143,93,"[101, 28616, 29098, 18981, 25475, 5029, 18011, 2000, 2037, 2729, 102]","[101, 10219, 2005, 2039, 2000, 1021, 2086, 1010, 2030, 2986, 1010, 2030, 2119, 102]","[101, 12997, 2278, 2930, 23988, 102]",3
144,115,"[101, 2580, 1998, 2109, 6270, 5491, 102]","[101, 10219, 2005, 2039, 2000, 1021, 2086, 1010, 2030, 2986, 1010, 2030, 2119, 102]","[101, 12997, 2278, 5433, 4805, 2629, 1004, 12997, 2278, 5433, 4805, 2581, 102]",3
145,24,"[101, 9841, 21821, 14626, 4227, 2019, 5056, 2030, 3303, 3279, 2000, 2178, 2711, 102]","[101, 10219, 2005, 2039, 2000, 1015, 2095, 1010, 2030, 2986, 1010, 2030, 2119, 102]","[101, 12997, 2278, 2930, 24690, 102]",5
146,48,"[101, 9841, 21821, 14626, 4991, 3200, 18011, 2000, 2037, 2729, 102]","[101, 10219, 2005, 2039, 2000, 1017, 2086, 1010, 2030, 2986, 1010, 2030, 2119, 102]","[101, 12997, 2278, 2930, 27433, 102]",4
147,51,"[101, 3530, 2000, 10797, 1037, 4126, 2362, 102]","[101, 10219, 2005, 2039, 2000, 1021, 2086, 1010, 2030, 2986, 1010, 2030, 2119, 102]","[101, 12997, 2278, 2930, 6036, 2050, 102]",3
148,53,"[101, 5561, 2000, 7386, 2619, 2030, 2037, 3200, 102]","[101, 10219, 2005, 2039, 2000, 1021, 2086, 1010, 2030, 2986, 1010, 2030, 2119, 102]","[101, 12997, 2278, 2930, 2753, 2575, 102]",3
149,215,"[101, 4194, 1999, 1037, 7215, 2008, 13686, 1037, 5081, 2000, 2270, 3521, 102]","[101, 10219, 2005, 2039, 2000, 1017, 2086, 1010, 2030, 2986, 1010, 2030, 2119, 102]","[101, 12997, 2278, 2930, 16065, 102]",4
150,188,"[101, 5117, 1999, 6355, 8090, 2008, 3303, 4053, 2000, 3200, 102]","[101, 10219, 2005, 2039, 2000, 1021, 2086, 1010, 2030, 2986, 1010, 2030, 2119, 102]","[101, 12997, 2278, 2930, 16471, 102]",3
151,164,"[101, 2864, 2030, 6369, 27744, 4490, 1999, 2270, 102]","[101, 10219, 2005, 2039, 2000, 1017, 2706, 1010, 2030, 2986, 1010, 2030, 2119, 102]","[101, 12997, 2278, 2930, 28135, 2050, 102]",5
152,186,"[101, 2580, 1037, 2270, 16371, 28138, 2008, 20275, 3521, 1998, 7216, 102]","[101, 10219, 2005, 2039, 2000, 1015, 3204, 1010, 2030, 2986, 1010, 2030, 2119, 102]","[101, 12997, 2278, 2930, 17222, 102]",5
153,59,"[101, 17303, 14203, 3255, 2030, 6114, 2006, 4176, 102]","[101, 10219, 2005, 2039, 2000, 1019, 2086, 1010, 2030, 2986, 1010, 2030, 2119, 102]","[101, 9740, 1997, 18186, 2000, 4176, 2552, 102]",4
154,125,"[101, 4114, 2030, 4194, 1999, 6206, 12219, 3450, 102]","[101, 10219, 2005, 2039, 2000, 1017, 2086, 1010, 2030, 2986, 1010, 2030, 2119, 102]","[101, 12219, 2552, 102]",4
155,111,"[101, 2550, 1998, 2853, 19450, 2833, 102]","[101, 10219, 2005, 2039, 2000, 1020, 2706, 1010, 2030, 2986, 1010, 2030, 2119, 102]","[101, 2833, 3808, 1998, 4781, 2552, 102]",5
156,170,"[101, 28186, 1998, 7087, 6340, 2619, 3784, 102]","[101, 10219, 2005, 2039, 2000, 1017, 2086, 1010, 2030, 2986, 1010, 2030, 2119, 102]","[101, 2009, 2552, 102]",4
157,144,"[101, 11867, 6340, 2006, 2030, 2680, 2619, 2302, 2037, 9619, 102]","[101, 10219, 2005, 2039, 2000, 1017, 2086, 1010, 2030, 2986, 1010, 2030, 2119, 102]","[101, 12997, 2278, 2930, 27878, 2278, 102]",4
158,132,"[101, 2109, 2619, 2842, 1005, 1055, 3167, 2592, 2005, 27105, 5682, 102]","[101, 10219, 2005, 2039, 2000, 1017, 2086, 1010, 2030, 2986, 1010, 2030, 2119, 102]","[101, 12997, 2278, 2930, 4601, 2683, 102]",4
159,137,"[101, 14688, 2000, 2022, 2619, 2842, 2000, 11703, 7416, 3726, 2500, 102]","[101, 10219, 2005, 2039, 2000, 1016, 2086, 1010, 2030, 2986, 1010, 2030, 2119, 102]","[101, 12997, 2278, 2930, 4601, 2575, 102]",4
160,46,"[101, 2109, 7376, 4923, 5329, 2000, 2191, 17402, 102]","[101, 10219, 2005, 2039, 2000, 2184, 2086, 1010, 2030, 2986, 1010, 2030, 2119, 102]","[101, 12997, 2278, 2930, 4466, 2683, 2278, 102]",2
161,37,"[101, 2580, 1998, 2109, 8275, 9598, 102]","[101, 10219, 2005, 2039, 2000, 1021, 2086, 1010, 2030, 2986, 1010, 2030, 2119, 102]","[101, 12997, 2278, 2930, 4466, 2683, 2050, 102]",3
162,162,"[101, 4015, 6206, 5029, 2000, 19819, 2037, 4761, 102]","[101, 10219, 2005, 2039, 2000, 1021, 2086, 1010, 2030, 2986, 1010, 2030, 2119, 102]","[101, 7610, 2721, 1006, 9740, 1997, 2769, 28289, 2552, 1007, 102]",3
163,194,"[101, 17800, 9687, 5350, 2408, 6645, 102]","[101, 10219, 2005, 2039, 2000, 1021, 2086, 1010, 2030, 2986, 1010, 2030, 2119, 102]","[101, 8205, 2552, 102]",3
164,92,"[101, 9687, 1998, 2853, 6206, 5850, 102]","[101, 2166, 10219, 2030, 2331, 102]","[101, 21915, 2015, 2552, 102]",1
165,180,"[101, 3079, 2030, 8679, 6206, 13780, 2030, 14792, 102]","[101, 10219, 2005, 2039, 2000, 1021, 2086, 1010, 2030, 2986, 1010, 2030, 2119, 102]","[101, 2608, 2552, 102]",3
166,69,"[101, 5462, 1037, 4126, 2478, 1037, 3274, 2030, 1996, 4274, 102]","[101, 10219, 2005, 2039, 2000, 1017, 2086, 1010, 2030, 2986, 1010, 2030, 2119, 102]","[101, 2009, 2552, 102]",4
167,167,"[101, 4372, 4588, 2098, 2030, 18516, 1037, 2775, 3784, 102]","[101, 2166, 10219, 2030, 2331, 102]","[101, 13433, 6169, 2080, 2552, 102]",1
168,32,"[101, 17800, 22817, 1998, 5500, 9385, 2098, 3430, 102]","[101, 10219, 2005, 2039, 2000, 1017, 2086, 1010, 2030, 2986, 1010, 2030, 2119, 102]","[101, 9385, 2552, 102]",4
169,78,"[101, 10312, 7591, 2951, 2013, 1037, 3274, 2291, 102]","[101, 10219, 2005, 2039, 2000, 1017, 2086, 1010, 2030, 2986, 1010, 2030, 2119, 102]","[101, 2009, 2552, 102]",4
170,142,"[101, 2109, 18777, 2592, 2000, 3119, 15768, 102]","[101, 10219, 2005, 2039, 2000, 1021, 2086, 1010, 2030, 2986, 1010, 2030, 2119, 102]","[101, 7367, 5638, 1006, 12012, 1998, 3863, 2604, 1997, 2634, 1007, 2552, 102]",3
171,198,"[101, 3478, 2000, 3477, 7773, 2006, 3318, 102]","[101, 10219, 2005, 2039, 2000, 1021, 2086, 1010, 2030, 2986, 1010, 2030, 2119, 102]","[101, 3318, 4171, 2552, 102]",4
172,106,"[101, 2081, 22369, 2030, 11703, 22048, 8635, 2055, 1037, 4031, 2030, 2326, 102]","[101, 10219, 2005, 2039, 2000, 1016, 2086, 1010, 2030, 2986, 1010, 2030, 2119, 102]","[101, 7325, 3860, 2552, 102]",4
173,212,"[101, 5117, 1999, 15571, 2449, 6078, 2008, 25596, 10159, 2030, 10390, 102]","[101, 10219, 2005, 2039, 2000, 1017, 2086, 1010, 2030, 2986, 1010, 2030, 2119, 102]","[101, 2971, 2552, 102]",4
174,45,"[101, 2109, 8275, 11749, 2015, 2006, 3688, 2030, 2578, 102]","[101, 10219, 2005, 2039, 2000, 1017, 2086, 1010, 2030, 2986, 1010, 2030, 2119, 102]","[101, 11749, 2552, 102]",4
175,181,"[101, 17214, 4842, 2098, 2007, 3688, 2000, 3426, 7386, 2030, 17575, 102]","[101, 10219, 2005, 2039, 2000, 1021, 2086, 1010, 2030, 2986, 1010, 2030, 2119, 102]","[101, 12997, 2278, 2930, 24231, 102]",3
176,185,"[101, 2596, 1999, 2270, 2046, 9048, 12921, 2000, 2019, 5805, 3014, 102]","[101, 10219, 2005, 2039, 2000, 2484, 2847, 1010, 2030, 2986, 1010, 2030, 2119, 102]","[101, 12997, 2278, 2930, 23475, 102]",5
177,86,"[101, 3303, 1037, 2270, 16915, 2030, 16371, 28138, 102]","[101, 10219, 2005, 2039, 2000, 1020, 2706, 1010, 2030, 2986, 1010, 2030, 2119, 102]","[101, 12997, 2278, 2930, 8148, 102]",5
178,220,"[101, 12858, 2030, 8840, 21646, 2075, 1999, 2270, 2302, 1037, 26410, 3800, 102]","[101, 10219, 2005, 2039, 2000, 1015, 3204, 1010, 2030, 2986, 1010, 2030, 2119, 102]","[101, 12997, 2278, 2930, 17365, 102]",5
179,140,"[101, 6086, 2037, 8991, 18400, 2015, 1999, 2270, 102]","[101, 10219, 2005, 2039, 2000, 1017, 2706, 1010, 2030, 2986, 1010, 2030, 2119, 102]","[101, 12997, 2278, 2930, 28135, 102]",5
180,183,"[101, 5117, 1999, 1996, 2552, 1997, 15016, 102]","[101, 10219, 2005, 2039, 2000, 1020, 2706, 1010, 2030, 2986, 1010, 2030, 2119, 102]","[101, 10047, 22049, 4026, 1006, 9740, 1007, 2552, 102]",5
181,125,"[101, 4114, 2030, 4194, 1999, 6206, 12219, 3450, 102]","[101, 10219, 2005, 2039, 2000, 1017, 2086, 1010, 2030, 2986, 1010, 2030, 2119, 102]","[101, 12219, 2552, 102]",4
182,179,"[101, 8679, 2235, 12450, 1997, 6206, 5850, 2005, 3167, 2224, 102]","[101, 10219, 2005, 2039, 2000, 1020, 2706, 1010, 2030, 2986, 1010, 2030, 2119, 102]","[101, 21915, 2015, 2552, 102]",5
183,90,"[101, 3498, 1037, 4316, 2096, 2046, 9048, 12921, 102]","[101, 10219, 2005, 2039, 2000, 1020, 2706, 1010, 2030, 2986, 1010, 2030, 2119, 1010, 1998, 4062, 1005, 1055, 6105, 8636, 102]","[101, 5013, 4683, 2552, 102]",5
184,203,"[101, 14872, 1996, 3177, 5787, 2030, 5462, 2178, 4026, 10048, 102]","[101, 2986, 2030, 4062, 1005, 1055, 6105, 8636, 1012, 102]","[101, 5013, 4683, 2552, 102]",5
185,163,"[101, 2580, 11664, 5005, 1999, 1037, 5647, 2181, 102]","[101, 2986, 2030, 9530, 8873, 15782, 3508, 1997, 5005, 1011, 2437, 3941, 102]","[101, 5005, 10796, 1006, 7816, 1998, 2491, 1007, 3513, 102]",5
186,178,"[101, 14682, 1998, 7007, 10193, 4176, 102]","[101, 10219, 2005, 2039, 2000, 1021, 2086, 1010, 2030, 2986, 1010, 2030, 2119, 102]","[101, 6870, 3860, 2552, 102]",3
187,96,"[101, 8554, 12926, 2250, 1010, 2300, 1010, 2030, 2455, 102]","[101, 10219, 2005, 2039, 2000, 1019, 2086, 1010, 2030, 2986, 1010, 2030, 2119, 102]","[101, 4044, 3860, 2552, 102]",3
188,75,"[101, 28186, 1998, 15858, 2619, 3784, 102]","[101, 10219, 2005, 2039, 2000, 1017, 2086, 1010, 2030, 2986, 1010, 2030, 2119, 102]","[101, 2009, 2552, 102]",4
189,80,"[101, 2405, 6270, 1998, 13366, 8067, 7062, 8635, 2055, 2619, 102]","[101, 10219, 2005, 2039, 2000, 1016, 2086, 1010, 2030, 2986, 1010, 2030, 2119, 102]","[101, 12997, 2278, 2930, 4749, 2683, 102]",4
190,9,"[101, 9969, 2275, 2543, 2000, 1037, 3200, 102]","[101, 10219, 2005, 2039, 2000, 1021, 2086, 1010, 2030, 2986, 1010, 2030, 2119, 102]","[101, 12997, 2278, 2930, 4724, 2575, 102]",3
191,21,"[101, 3133, 1037, 3200, 2007, 7848, 2000, 8954, 102]","[101, 10219, 2005, 2039, 2000, 1021, 2086, 1010, 2030, 2986, 1010, 2030, 2119, 102]","[101, 12997, 2278, 2930, 3429, 2581, 102]",3
192,190,"[101, 10312, 3200, 2013, 2619, 2478, 2486, 2030, 28973, 102]","[101, 10219, 2005, 2039, 2000, 2184, 2086, 1010, 2030, 2986, 1010, 2030, 2119, 102]","[101, 12997, 2278, 2930, 4464, 2475, 102]",2
193,93,"[101, 28616, 29098, 18981, 25475, 5029, 18011, 2000, 2037, 2729, 102]","[101, 10219, 2005, 2039, 2000, 1021, 2086, 1010, 2030, 2986, 1010, 2030, 2119, 102]","[101, 12997, 2278, 2930, 23988, 102]",3
194,115,"[101, 2580, 1998, 2109, 6270, 5491, 102]","[101, 10219, 2005, 2039, 2000, 1021, 2086, 1010, 2030, 2986, 1010, 2030, 2119, 102]","[101, 12997, 2278, 5433, 4805, 2629, 1004, 12997, 2278, 5433, 4805, 2581, 102]",3
195,24,"[101, 9841, 21821, 14626, 4227, 2019, 5056, 2030, 3303, 3279, 2000, 2178, 2711, 102]","[101, 10219, 2005, 2039, 2000, 1015, 2095, 1010, 2030, 2986, 1010, 2030, 2119, 102]","[101, 12997, 2278, 2930, 24690, 102]",5
196,48,"[101, 9841, 21821, 14626, 4991, 3200, 18011, 2000, 2037, 2729, 102]","[101, 10219, 2005, 2039, 2000, 1017, 2086, 1010, 2030, 2986, 1010, 2030, 2119, 102]","[101, 12997, 2278, 2930, 27433, 102]",4
197,15,"[101, 3253, 2030, 3970, 6206, 10504, 2030, 9604, 102]","[101, 10219, 2005, 2039, 2000, 1021, 2086, 1010, 2030, 2986, 1010, 2030, 2119, 102]","[101, 9740, 1997, 7897, 2552, 102]",3
198,146,"[101, 20361, 2619, 2114, 2037, 2097, 102]","[101, 10219, 2005, 2039, 2000, 1021, 2086, 1010, 2030, 2986, 1010, 2030, 2119, 102]","[101, 12997, 2278, 2930, 4029, 2509, 102]",3
199,101,"[101, 6303, 2769, 2030, 3200, 2007, 8767, 102]","[101, 10219, 2005, 2039, 2000, 1021, 2086, 1010, 2030, 2986, 1010, 2030, 2119, 102]","[101, 12997, 2278, 2930, 24429, 102]",3
200,197,"[101, 8385, 2628, 1998, 28186, 2619, 102]","[101, 10219, 2005, 2039, 2000, 1017, 2086, 1010, 2030, 2986, 1010, 2030, 2119, 102]","[101, 12997, 2278, 2930, 27878, 2094, 102]",4
201,64,"[101, 2109, 4816, 4807, 2000, 20716, 2030, 18820, 4757, 2619, 102]","[101, 10219, 2005, 2039, 2000, 1017, 2086, 1010, 2030, 2986, 1010, 2030, 2119, 102]","[101, 2009, 2552, 102]",4
202,168,"[101, 2109, 17575, 2000, 6855, 2769, 2030, 3200, 3784, 102]","[101, 10219, 2005, 2039, 2000, 1021, 2086, 1010, 2030, 2986, 1010, 2030, 2119, 102]","[101, 2009, 2552, 102]",3
203,14,"[101, 5081, 2000, 14451, 15011, 2592, 4983, 7670, 2024, 2777, 102]","[101, 10219, 2005, 2039, 2000, 1021, 2086, 1010, 2030, 2986, 1010, 2030, 2119, 102]","[101, 12997, 2278, 2930, 4229, 2581, 102]",3
204,126,"[101, 4227, 24641, 3229, 2000, 1037, 3274, 2291, 102]","[101, 10219, 2005, 2039, 2000, 1017, 2086, 1010, 2030, 2986, 1010, 2030, 2119, 102]","[101, 2009, 2552, 102]",4
205,77,"[101, 6086, 7591, 2951, 2302, 20104, 102]","[101, 10219, 2005, 2039, 2000, 1017, 2086, 1010, 2030, 2986, 1010, 2030, 2119, 102]","[101, 2009, 2552, 102]",4
206,143,"[101, 10312, 2030, 2109, 5123, 7789, 3200, 102]","[101, 10219, 2005, 2039, 2000, 1017, 2086, 1010, 2030, 2986, 1010, 2030, 2119, 102]","[101, 9385, 2552, 1004, 11749, 2552, 1004, 7353, 2552, 102]",4
207,132,"[101, 2109, 2619, 2842, 1005, 1055, 3167, 2592, 2005, 27105, 5682, 102]","[101, 10219, 2005, 2039, 2000, 1017, 2086, 1010, 2030, 2986, 1010, 2030, 2119, 102]","[101, 12997, 2278, 2930, 4601, 2683, 102]",4
208,5,"[101, 17303, 14203, 6114, 2006, 2019, 4111, 102]","[101, 10219, 2005, 2039, 2000, 1019, 2086, 1010, 2030, 2986, 1010, 2030, 2119, 102]","[101, 9740, 1997, 18186, 2000, 4176, 2552, 102]",3
209,95,"[101, 3303, 4053, 2000, 1996, 4044, 2083, 27988, 102]","[101, 10219, 2005, 2039, 2000, 1019, 2086, 1010, 2030, 2986, 1010, 2030, 2119, 102]","[101, 4044, 3860, 2552, 102]",3
210,11,"[101, 4457, 1998, 5229, 2178, 2711, 102]","[101, 10219, 2005, 2039, 2000, 1021, 2086, 1010, 2030, 2986, 1010, 2030, 2119, 102]","[101, 12997, 2278, 2930, 25392, 102]",3
211,12,"[101, 22300, 2135, 5028, 2178, 2711, 1999, 2019, 5805, 5450, 102]","[101, 10219, 2005, 2039, 2000, 1020, 2706, 1010, 2030, 2986, 1010, 2030, 2119, 102]","[101, 12997, 2278, 2930, 28474, 102]",5
212,188,"[101, 5117, 1999, 6355, 8090, 2008, 3303, 4053, 2000, 3200, 102]","[101, 10219, 2005, 2039, 2000, 1021, 2086, 1010, 2030, 2986, 1010, 2030, 2119, 102]","[101, 12997, 2278, 2930, 16471, 102]",3
213,129,"[101, 5462, 1037, 4126, 2241, 2006, 1996, 6778, 1005, 1055, 2679, 1010, 4676, 1010, 18240, 1010, 2030, 2060, 5123, 6459, 102]","[101, 10219, 2005, 2039, 2000, 2184, 2086, 1010, 2030, 2986, 1010, 2030, 2119, 102]","[101, 12997, 2278, 2930, 16710, 2050, 102]",2
214,87,"[101, 16999, 1037, 18591, 1010, 4256, 1010, 2030, 2155, 2266, 102]","[101, 10219, 2005, 2039, 2000, 1017, 2086, 1010, 2030, 2986, 1010, 2030, 2119, 102]","[101, 3860, 1997, 2308, 2013, 4968, 4808, 2552, 102]",4
215,29,"[101, 17303, 3558, 2030, 6832, 7386, 2006, 1037, 2775, 102]","[101, 10219, 2005, 2039, 2000, 2184, 2086, 1010, 2030, 2986, 1010, 2030, 2119, 102]","[101, 13433, 6169, 2080, 2552, 1004, 12997, 2278, 2930, 19652, 102]",2
216,131,"[101, 18516, 2030, 3140, 2111, 2046, 4450, 1010, 15016, 1010, 2030, 2060, 3596, 1997, 14262, 5737, 8525, 3207, 102]","[101, 10219, 2005, 2039, 2000, 2166, 1010, 2030, 2986, 1010, 2030, 2119, 102]","[101, 1996, 11626, 1999, 5381, 1006, 9740, 1010, 3860, 1998, 11252, 1007, 2552, 1010, 2760, 102]",1
217,105,"[101, 4487, 11393, 26972, 6270, 2592, 2000, 28616, 19738, 2094, 1996, 2270, 102]","[101, 10219, 2005, 2039, 2000, 1017, 2086, 1010, 2030, 2986, 1010, 2030, 2119, 102]","[101, 2009, 2552, 102]",4
218,173,"[101, 9828, 2104, 11292, 1999, 1037, 3423, 18207, 102]","[101, 10219, 2005, 2039, 2000, 1021, 2086, 1010, 2030, 2986, 1010, 2030, 2119, 102]","[101, 12997, 2278, 2930, 19984, 102]",3
219,166,"[101, 28976, 2007, 1037, 2375, 7285, 4812, 102]","[101, 10219, 2005, 2039, 2000, 1021, 2086, 1010, 2030, 2986, 1010, 2030, 2119, 102]","[101, 12997, 2278, 2930, 17691, 102]",3
220,199,"[101, 5462, 2030, 5561, 4490, 1997, 4808, 2000, 20014, 27605, 13701, 2030, 24873, 19170, 1037, 2231, 2030, 6831, 2313, 102]","[101, 10219, 2005, 2166, 1010, 2030, 2331, 6531, 102]","[101, 22300, 3450, 1006, 9740, 1007, 2552, 102]",1
221,98,"[101, 10312, 2030, 11860, 6219, 2592, 2000, 1037, 3097, 2231, 102]","[101, 10219, 2005, 2166, 1010, 2030, 2331, 6531, 102]","[101, 2880, 7800, 2552, 102]",1
222,30,"[101, 3530, 2007, 2500, 2000, 10797, 1037, 4126, 102]","[101, 10219, 2005, 2039, 2000, 1021, 2086, 1010, 2030, 2986, 1010, 2030, 2119, 102]","[101, 12997, 2278, 2930, 6036, 2050, 102]",3
223,231,"[101, 5561, 2030, 26470, 2094, 1037, 7409, 2000, 3747, 2037, 10896, 102]","[101, 10219, 2005, 2039, 2000, 1021, 2086, 1010, 2030, 2986, 1010, 2030, 2119, 102]","[101, 12997, 2278, 2930, 17317, 102]",3
224,31,"[101, 4487, 21338, 2229, 5051, 10985, 2030, 4487, 6499, 19182, 2098, 1037, 2457, 2344, 102]","[101, 10219, 2005, 2039, 2000, 1020, 2706, 1010, 2030, 2986, 1010, 2030, 2119, 102]","[101, 17152, 1997, 5434, 2552, 102]",5
225,123,"[101, 2081, 1037, 6270, 4366, 2000, 2019, 5427, 2194, 102]","[101, 10219, 2005, 2039, 2000, 1021, 2086, 1010, 2030, 2986, 1010, 2030, 2119, 102]","[101, 12997, 2278, 2930, 17442, 102]",3
226,94,"[101, 28616, 29098, 18981, 25475, 2270, 5029, 18011, 2000, 2037, 2729, 102]","[101, 10219, 2005, 2039, 2000, 2403, 2086, 1010, 2030, 2986, 1010, 2030, 2119, 102]","[101, 9740, 1997, 7897, 2552, 102]",2
227,19,"[101, 3253, 2030, 3970, 6206, 10504, 2000, 3747, 1037, 2270, 2880, 102]","[101, 10219, 2005, 2039, 2000, 1021, 2086, 1010, 2030, 2986, 1010, 2030, 2119, 102]","[101, 9740, 1997, 7897, 2552, 102]",3
228,161,"[101, 2109, 2270, 3200, 2005, 3167, 5114, 2030, 1999, 1037, 5450, 2008, 14424, 1996, 2375, 102]","[101, 10219, 2005, 2039, 2000, 1017, 2086, 1010, 2030, 2986, 1010, 2030, 2119, 102]","[101, 12997, 2278, 2930, 2871, 2683, 102]",4
229,162,"[101, 14091, 1996, 3120, 1997, 6206, 5029, 102]","[101, 10219, 2005, 2039, 2000, 1021, 2086, 1010, 2030, 2986, 1010, 2030, 2119, 102]","[101, 7610, 2721, 1006, 9740, 1997, 2769, 28289, 2552, 1007, 102]",3
230,70,"[101, 2109, 1996, 4274, 2030, 4816, 4807, 2000, 18077, 2030, 7386, 2336, 102]","[101, 10219, 2005, 2166, 1010, 2030, 2331, 6531, 102]","[101, 13433, 6169, 2080, 2552, 1010, 2009, 2552, 102]",1
231,76,"[101, 8385, 28186, 1998, 5561, 2619, 3784, 102]","[101, 10219, 2005, 2039, 2000, 1017, 2086, 1010, 2030, 2986, 1010, 2030, 2119, 102]","[101, 2009, 2552, 102]",4
232,171,"[101, 4487, 11393, 26972, 5223, 3993, 4180, 3784, 2008, 9416, 1037, 3563, 2177, 2030, 3265, 102]","[101, 10219, 2005, 2039, 2000, 1017, 2086, 1010, 2030, 2986, 1010, 2030, 2119, 102]","[101, 2009, 2552, 102]",4
233,172,"[101, 14688, 2000, 2022, 2619, 2842, 3784, 2000, 11703, 7416, 3726, 2030, 7386, 2500, 102]","[101, 10219, 2005, 2039, 2000, 1017, 2086, 1010, 2030, 2986, 1010, 2030, 2119, 102]","[101, 2009, 2552, 102]",4
234,169,"[101, 4114, 2030, 4194, 1999, 6206, 3784, 12219, 3450, 102]","[101, 10219, 2005, 2039, 2000, 1017, 2086, 1010, 2030, 2986, 1010, 2030, 2119, 102]","[101, 12219, 2552, 1998, 2009, 2552, 102]",4
235,33,"[101, 22817, 1998, 5500, 9385, 2098, 2189, 2302, 6656, 102]","[101, 10219, 2005, 2039, 2000, 1017, 2086, 1010, 2030, 2986, 1010, 2030, 2119, 102]","[101, 9385, 2552, 102]",4
236,225,"[101, 2109, 2178, 2711, 1005, 1055, 7789, 3200, 2302, 6656, 102]","[101, 10219, 2005, 2039, 2000, 1017, 2086, 1010, 2030, 2986, 1010, 2030, 2119, 102]","[101, 9385, 2552, 1004, 7353, 2552, 1004, 11749, 2552, 102]",4
237,44,"[101, 2580, 1998, 2853, 8275, 4809, 1997, 11180, 3688, 102]","[101, 10219, 2005, 2039, 2000, 1021, 2086, 1010, 2030, 2986, 1010, 2030, 2119, 102]","[101, 11749, 2552, 102]",3
238,112,"[101, 2794, 17631, 12141, 2000, 2833, 3688, 102]","[101, 10219, 2005, 2039, 2000, 2166, 1010, 2030, 2986, 1010, 2030, 2119, 102]","[101, 2833, 3808, 1998, 4781, 2552, 102]",1
239,206,"[101, 18516, 2030, 11094, 29313, 2094, 5126, 102]","[101, 10219, 2005, 2039, 2000, 1017, 2086, 1010, 2030, 2986, 1010, 2030, 2119, 102]","[101, 4450, 4277, 102]",4
240,218,"[101, 2328, 1037, 3252, 2302, 11381, 5372, 14245, 102]","[101, 10219, 2005, 2039, 2000, 1016, 2086, 1010, 2030, 2986, 1010, 2030, 2119, 102]","[101, 2311, 7040, 102]",4
241,97,"[101, 14374, 3919, 5949, 2046, 1996, 4044, 2302, 5372, 3949, 102]","[101, 10219, 2005, 2039, 2000, 1021, 2086, 1010, 2030, 2986, 1010, 2030, 2119, 102]","[101, 4044, 3860, 2552, 102]",3
242,6,"[101, 17303, 14203, 3255, 2030, 6114, 2006, 4176, 2076, 2470, 102]","[101, 10219, 2005, 2039, 2000, 1019, 2086, 1010, 2030, 2986, 1010, 2030, 2119, 102]","[101, 9740, 1997, 18186, 2000, 4176, 2552, 102]",3
243,134,"[101, 22629, 3628, 2302, 5372, 14245, 102]","[101, 10219, 2005, 2039, 2000, 1021, 2086, 1010, 2030, 2986, 1010, 2030, 2119, 102]","[101, 3224, 5680, 2552, 102]",3
244,136,"[101, 7007, 10193, 4176, 2030, 2037, 3033, 102]","[101, 10219, 2005, 2039, 2000, 1021, 2086, 1010, 2030, 2986, 1010, 2030, 2119, 102]","[101, 6870, 3860, 2552, 102]",3
245,114,"[101, 3478, 2000, 14037, 2007, 2833, 19548, 1998, 3808, 7040, 102]","[101, 10219, 2005, 2039, 2000, 1020, 2706, 1010, 2030, 2986, 1010, 2030, 2119, 102]","[101, 2833, 3808, 1998, 4781, 2552, 102]",5
246,214,"[101, 2853, 8275, 20233, 2030, 5117, 1999, 3976, 16924, 102]","[101, 10219, 2005, 2039, 2000, 1021, 2086, 1010, 2030, 2986, 1010, 2030, 2119, 102]","[101, 5850, 1998, 25381, 2552, 102]",3
247,107,"[101, 2081, 22369, 4447, 2055, 1996, 12353, 1997, 2966, 5733, 102]","[101, 10219, 2005, 2039, 2000, 1016, 2086, 1010, 2030, 2986, 1010, 2030, 2119, 102]","[101, 5850, 1998, 3894, 2128, 7583, 3111, 1006, 22224, 3085, 14389, 1007, 2552, 102]",4
248,121,"[101, 2081, 6270, 4447, 2000, 5427, 3316, 2005, 2966, 11727, 102]","[101, 10219, 2005, 2039, 2000, 1021, 2086, 1010, 2030, 2986, 1010, 2030, 2119, 102]","[101, 12997, 2278, 2930, 17442, 102]",3
249,42,"[101, 2580, 1998, 2109, 8275, 20422, 2015, 2000, 6855, 20992, 102]","[101, 10219, 2005, 2039, 2000, 1016, 2086, 1010, 2030, 2986, 1010, 2030, 2119, 102]","[101, 5850, 1998, 3894, 2128, 7583, 3111, 1006, 22224, 3085, 14389, 1007, 2552, 102]",4
250,159,"[101, 18356, 2966, 6067, 2005, 3167, 5114, 2030, 2853, 2068, 17800, 102]","[101, 10219, 2005, 2039, 2000, 1017, 2086, 1010, 2030, 2986, 1010, 2030, 2119, 102]","[101, 12997, 2278, 2930, 2871, 2683, 102]",4
251,72,"[101, 2109, 1996, 4274, 2030, 4816, 4807, 2000, 12014, 9871, 3001, 2030, 5776, 2951, 102]","[101, 10219, 2005, 2039, 2000, 1021, 2086, 1010, 2030, 2986, 1010, 2030, 2119, 102]","[101, 2009, 2552, 102]",3
252,147,"[101, 3303, 7386, 2000, 1037, 5776, 2349, 2000, 2658, 23337, 2030, 23358, 2791, 102]","[101, 10219, 2005, 2039, 2000, 1021, 2086, 1010, 2030, 2986, 1010, 2030, 2119, 102]","[101, 12997, 2278, 2930, 23859, 2050, 102]",3
253,227,"[101, 21362, 18777, 5776, 2592, 2302, 20104, 102]","[101, 10219, 2005, 2039, 2000, 1017, 2086, 1010, 2030, 2986, 1010, 2030, 2119, 102]","[101, 2966, 2473, 1997, 2634, 2552, 102]",4
254,109,"[101, 14688, 2000, 2022, 1037, 3460, 2030, 2060, 9871, 2658, 2000, 11703, 7416, 3726, 5022, 102]","[101, 10219, 2005, 2039, 2000, 1016, 2086, 1010, 2030, 2986, 1010, 2030, 2119, 102]","[101, 12997, 2278, 2930, 4601, 2683, 102]",4
255,192,"[101, 2853, 20422, 5850, 2302, 5372, 20104, 102]","[101, 10219, 2005, 2039, 2000, 1019, 2086, 1010, 2030, 2986, 1010, 2030, 2119, 102]","[101, 5850, 1998, 25381, 2552, 102]",3
256,41,"[101, 7609, 1998, 2853, 8275, 2966, 3941, 102]","[101, 10219, 2005, 2039, 2000, 1021, 2086, 1010, 2030, 2986, 1010, 2030, 2119, 102]","[101, 5850, 1998, 3894, 2128, 7583, 3111, 1006, 22224, 3085, 14389, 1007, 2552, 102]",3
257,210,"[101, 18516, 5022, 6224, 2966, 3949, 1999, 2178, 2406, 102]","[101, 10219, 2005, 2039, 2000, 1021, 2086, 1010, 2030, 2986, 1010, 2030, 2119, 102]","[101, 7325, 3860, 2552, 102]",3
258,135,"[101, 22291, 2098, 2030, 2853, 2529, 11595, 2302, 5372, 9619, 102]","[101, 10219, 2005, 2166, 1010, 2030, 2331, 6531, 102]","[101, 22291, 3370, 1997, 2529, 11595, 2552, 102]",1
259,110,"[101, 17214, 4842, 2098, 2007, 2030, 24212, 2951, 1999, 2966, 2470, 102]","[101, 10219, 2005, 2039, 2000, 1021, 2086, 1010, 2030, 2986, 1010, 2030, 2119, 102]","[101, 12997, 2278, 2930, 4805, 2620, 102]",3
260,17,"[101, 3253, 2030, 3970, 29117, 2000, 3747, 2966, 6567, 2030, 6523, 7941, 2015, 102]","[101, 10219, 2005, 2039, 2000, 1021, 2086, 1010, 2030, 2986, 1010, 2030, 2119, 102]","[101, 9740, 1997, 7897, 2552, 102]",3
261,68,"[101, 28186, 1998, 5561, 9871, 3667, 3784, 102]","[101, 10219, 2005, 2039, 2000, 1017, 2086, 1010, 2030, 2986, 1010, 2030, 2119, 102]","[101, 2009, 2552, 102]",4
262,148,"[101, 21866, 1997, 2966, 5949, 24156, 2135, 1010, 20540, 1037, 2740, 3891, 102]","[101, 10219, 2005, 2039, 2000, 1019, 2086, 1010, 2030, 2986, 1010, 2030, 2119, 102]","[101, 16012, 1011, 2966, 5949, 2968, 3513, 102]",3
263,40,"[101, 2580, 1998, 2109, 8275, 2966, 17987, 2000, 6855, 6666, 2030, 6107, 102]","[101, 10219, 2005, 2039, 2000, 1016, 2086, 1010, 2030, 2986, 1010, 2030, 2119, 102]","[101, 12997, 2278, 2930, 4805, 2620, 102]",4
264,213,"[101, 5117, 1999, 11703, 22048, 6078, 2000, 5271, 2740, 5427, 102]","[101, 10219, 2005, 2039, 2000, 1017, 2086, 1010, 2030, 2986, 1010, 2030, 2119, 102]","[101, 5427, 2552, 102]",4
265,116,"[101, 2580, 1998, 2109, 8275, 24051, 2015, 2030, 9827, 2015, 102]","[101, 10219, 2005, 2039, 2000, 1017, 2086, 1010, 2030, 2986, 1010, 2030, 2119, 102]","[101, 12997, 2278, 2930, 4805, 2629, 102]",4
266,3,"[101, 22673, 2006, 13869, 2030, 20228, 22974, 8486, 5422, 2147, 102]","[101, 10219, 2005, 2039, 2000, 1016, 2086, 1010, 2030, 2986, 1010, 2030, 2119, 1010, 1998, 3834, 17972, 2895, 102]","[101, 2118, 7040, 102]",4
267,16,"[101, 3253, 2030, 3970, 29117, 2000, 3747, 20247, 1010, 7022, 1010, 2030, 2060, 3834, 6567, 102]","[101, 10219, 2005, 2039, 2000, 1021, 2086, 1010, 2030, 2986, 1010, 2030, 2119, 102]","[101, 9740, 1997, 7897, 2552, 102]",3
268,153,"[101, 7861, 4783, 17269, 2030, 28616, 29098, 18981, 25475, 5029, 3832, 2005, 4547, 5682, 102]","[101, 10219, 2005, 2039, 2000, 1021, 2086, 1010, 2030, 2986, 1010, 2030, 2119, 102]","[101, 12997, 2278, 2930, 2871, 2683, 102]",3
269,84,"[101, 6380, 9634, 2030, 5020, 6695, 2241, 2006, 5876, 2066, 2679, 1010, 4676, 1010, 2030, 5907, 102]","[101, 10219, 2005, 2039, 2000, 1017, 2086, 1010, 2030, 2986, 1010, 2030, 2119, 102]","[101, 4552, 1997, 2634, 1004, 2157, 2000, 2495, 2552, 102]",4
270,207,"[101, 18516, 2030, 11094, 29313, 2094, 5126, 102]","[101, 10219, 2005, 2039, 2000, 1017, 2086, 1010, 2030, 2986, 1010, 2030, 2119, 102]","[101, 4450, 4277, 102]",4
271,74,"[101, 28719, 2046, 2082, 3274, 3001, 2030, 2109, 2974, 2000, 20716, 2030, 18820, 4757, 2500, 102]","[101, 10219, 2005, 2039, 2000, 1021, 2086, 1010, 2030, 2986, 1010, 2030, 2119, 102]","[101, 2009, 2552, 102]",3
272,177,"[101, 15826, 2178, 2711, 1005, 1055, 5541, 2147, 1998, 3555, 2009, 2004, 2037, 2219, 102]","[101, 10219, 2005, 2039, 2000, 1017, 2086, 1010, 2030, 2986, 1010, 2030, 2119, 102]","[101, 9385, 2552, 102]",4
273,141,"[101, 2109, 2178, 2711, 1005, 1055, 9385, 2098, 2030, 11749, 2098, 2147, 2302, 6656, 102]","[101, 10219, 2005, 2039, 2000, 1017, 2086, 1010, 2030, 2986, 1010, 2030, 2119, 102]","[101, 9385, 2552, 1004, 11749, 2552, 102]",4
274,174,"[101, 17800, 15826, 1998, 5500, 9385, 2098, 6018, 2147, 102]","[101, 10219, 2005, 2039, 2000, 1017, 2086, 1010, 2030, 2986, 1010, 2030, 2119, 102]","[101, 9385, 2552, 102]",4
275,65,"[101, 28186, 1998, 5561, 3324, 3784, 102]","[101, 10219, 2005, 2039, 2000, 1017, 2086, 1010, 2030, 2986, 1010, 2030, 2119, 102]","[101, 2009, 2552, 102]",4
276,130,"[101, 2109, 17631, 2030, 5860, 20026, 28230, 2653, 2114, 3324, 3784, 2030, 1999, 2270, 102]","[101, 10219, 2005, 2039, 2000, 1017, 2086, 1010, 2030, 2986, 1010, 2030, 2119, 102]","[101, 12997, 2278, 2930, 16710, 2050, 102]",4
277,83,"[101, 6380, 6018, 6695, 2241, 2006, 5876, 2066, 2679, 1010, 4676, 1010, 2030, 5907, 102]","[101, 10219, 2005, 2039, 2000, 1017, 2086, 1010, 2030, 2986, 1010, 2030, 2119, 102]","[101, 4552, 1997, 2634, 102]",4
278,158,"[101, 7861, 4783, 17269, 2030, 28616, 29098, 18981, 25475, 2270, 5029, 3832, 2005, 2840, 3454, 102]","[101, 10219, 2005, 2039, 2000, 1021, 2086, 1010, 2030, 2986, 1010, 2030, 2119, 102]","[101, 9740, 1997, 7897, 2552, 102]",3
279,82,"[101, 5591, 2030, 3908, 3439, 10490, 2030, 10471, 102]","[101, 10219, 2005, 2039, 2000, 1021, 2086, 1010, 2030, 2986, 1010, 2030, 2119, 102]","[101, 1996, 3418, 10490, 1998, 7611, 4573, 1998, 3464, 2552, 1010, 3845, 102]",3
280,10,"[101, 2580, 1998, 2853, 8275, 5265, 2030, 10801, 102]","[101, 10219, 2005, 2039, 2000, 1017, 2086, 1010, 2030, 2986, 1010, 2030, 2119, 102]","[101, 9385, 2552, 102]",4
281,133,"[101, 27422, 1998, 3718, 10471, 2013, 3439, 4573, 2302, 5372, 20104, 102]","[101, 10219, 2005, 2039, 2000, 1021, 2086, 1010, 2030, 2986, 1010, 2030, 2119, 102]","[101, 1996, 3418, 10490, 1998, 7611, 4573, 1998, 3464, 2552, 1010, 3845, 102]",3
282,195,"[101, 17800, 9687, 3439, 10471, 2408, 6645, 102]","[101, 10219, 2005, 2039, 2000, 1021, 2086, 1010, 2030, 2986, 1010, 2030, 2119, 102]","[101, 21387, 1998, 2396, 17605, 2552, 1010, 3285, 102]",3
283,221,"[101, 5591, 2030, 3908, 3439, 10490, 2030, 22000, 102]","[101, 10219, 2005, 2039, 2000, 1017, 2086, 1010, 2030, 2986, 1010, 2030, 2119, 102]","[101, 12997, 2278, 2930, 4413, 2581, 102]",4
284,152,"[101, 2109, 3439, 4573, 2005, 3293, 3450, 2302, 5372, 14245, 102]","[101, 10219, 2005, 2039, 2000, 1016, 2086, 1010, 2030, 2986, 1010, 2030, 2119, 102]","[101, 7611, 5002, 1997, 2634, 7040, 102]",4
285,204,"[101, 2328, 5090, 2379, 3439, 4573, 2302, 5372, 14245, 102]","[101, 10219, 2005, 2039, 2000, 1016, 2086, 1010, 2030, 2986, 1010, 2030, 2119, 102]","[101, 2311, 7040, 102]",4
286,201,"[101, 10312, 10471, 2013, 9941, 2030, 8596, 102]","[101, 10219, 2005, 2039, 2000, 1021, 2086, 1010, 2030, 2986, 1010, 2030, 2119, 102]","[101, 12997, 2278, 2930, 17014, 102]",3
287,71,"[101, 2109, 1996, 4274, 2030, 4816, 4807, 2000, 4053, 2030, 18077, 3451, 4348, 102]","[101, 10219, 2005, 2039, 2000, 1021, 2086, 1010, 2030, 2986, 1010, 2030, 2119, 102]","[101, 2009, 2552, 102]",3
288,120,"[101, 2081, 6270, 4447, 2000, 6855, 4804, 2005, 3451, 3934, 102]","[101, 10219, 2005, 2039, 2000, 1021, 2086, 1010, 2030, 2986, 1010, 2030, 2119, 102]","[101, 12997, 2278, 2930, 17442, 102]",3
289,209,"[101, 18516, 3324, 2030, 5117, 1999, 11703, 22048, 2449, 6078, 102]","[101, 10219, 2005, 2039, 2000, 1017, 2086, 1010, 2030, 2986, 1010, 2030, 2119, 102]","[101, 7325, 3860, 2552, 102]",4
290,85,"[101, 6380, 6695, 2030, 4219, 2241, 2006, 5876, 2066, 2679, 1010, 4676, 1010, 2030, 5907, 102]","[101, 10219, 2005, 2039, 2000, 1017, 2086, 1010, 2030, 2986, 1010, 2030, 2119, 102]","[101, 4552, 1997, 2634, 1010, 2157, 2000, 9945, 102]",4
291,156,"[101, 7861, 4783, 17269, 2030, 28616, 29098, 18981, 25475, 5029, 3832, 2005, 3451, 2824, 102]","[101, 10219, 2005, 2039, 2000, 1021, 2086, 1010, 2030, 2986, 1010, 2030, 2119, 102]","[101, 12997, 2278, 2930, 2871, 2683, 102]",3
292,34,"[101, 22817, 1998, 5500, 9385, 2098, 2189, 2302, 6656, 102]","[101, 10219, 2005, 2039, 2000, 1017, 2086, 1010, 2030, 2986, 1010, 2030, 2119, 102]","[101, 9385, 2552, 102]",4
293,205,"[101, 2864, 9385, 2098, 2189, 2302, 6656, 2013, 1996, 2916, 9111, 102]","[101, 10219, 2005, 2039, 2000, 1016, 2086, 1010, 2030, 2986, 1010, 2030, 2119, 102]","[101, 9385, 2552, 102]",4
294,67,"[101, 28186, 1998, 5561, 5389, 3784, 102]","[101, 10219, 2005, 2039, 2000, 1017, 2086, 1010, 2030, 2986, 1010, 2030, 2119, 102]","[101, 2009, 2552, 102]",4
295,43,"[101, 2580, 1998, 2853, 8275, 3315, 5693, 102]","[101, 10219, 2005, 2039, 2000, 1021, 2086, 1010, 2030, 2986, 1010, 2030, 2119, 102]","[101, 11749, 2552, 102]",3
296,175,"[101, 17800, 15826, 1998, 5500, 9385, 2098, 2189, 5633, 102]","[101, 10219, 2005, 2039, 2000, 1017, 2086, 1010, 2030, 2986, 1010, 2030, 2119, 102]","[101, 9385, 2552, 102]",4
297,100,"[101, 3140, 5389, 2000, 2147, 1999, 15571, 2030, 25135, 3785, 102]","[101, 10219, 2005, 2039, 2000, 1017, 2086, 1010, 2030, 2986, 1010, 2030, 2119, 102]","[101, 4450, 4277, 102]",4
298,18,"[101, 3253, 2030, 3970, 29117, 2000, 3747, 2189, 2537, 1010, 4353, 1010, 2030, 2982, 102]","[101, 10219, 2005, 2039, 2000, 1021, 2086, 1010, 2030, 2986, 1010, 2030, 2119, 102]","[101, 9740, 1997, 7897, 2552, 102]",3
299,208,"[101, 5117, 1999, 11703, 22048, 6078, 2000, 17708, 2189, 6093, 2030, 16664, 10504, 102]","[101, 10219, 2005, 2039, 2000, 1017, 2086, 1010, 2030, 2986, 1010, 2030, 2119, 102]","[101, 7325, 3860, 2552, 102]",4
300,157,"[101, 7861, 4783, 17269, 2030, 28616, 29098, 18981, 25475, 5029, 3832, 2005, 2189, 7519, 102]","[101, 10219, 2005, 2039, 2000, 1021, 2086, 1010, 2030, 2986, 1010, 2030, 2119, 102]","[101, 12997, 2278, 2930, 2871, 2683, 102]",3
301,66,"[101, 28186, 1998, 5561, 27911, 2015, 3784, 102]","[101, 10219, 2005, 2039, 2000, 1017, 2086, 1010, 2030, 2986, 1010, 2030, 2119, 102]","[101, 2009, 2552, 102]",4
302,127,"[101, 4227, 24641, 3229, 2000, 3784, 10355, 6115, 102]","[101, 10219, 2005, 2039, 2000, 1017, 2086, 1010, 2030, 2986, 1010, 2030, 2119, 102]","[101, 2009, 2552, 102]",4
303,28,"[101, 2109, 4007, 2030, 2060, 4725, 2000, 5114, 15571, 12637, 1999, 3784, 2399, 102]","[101, 10219, 2005, 2039, 2000, 1016, 2086, 1010, 2030, 2986, 1010, 2030, 2119, 102]","[101, 2208, 9722, 7040, 102]",5
304,128,"[101, 28186, 1998, 16999, 2060, 27911, 2015, 3784, 102]","[101, 10219, 2005, 2039, 2000, 1016, 2086, 1010, 2030, 2986, 1010, 2030, 2119, 102]","[101, 2208, 9722, 7040, 102]",5
305,35,"[101, 22817, 1998, 5500, 9385, 2098, 2678, 2399, 2302, 6656, 102]","[101, 10219, 2005, 2039, 2000, 1017, 2086, 1010, 2030, 2986, 1010, 2030, 2119, 102]","[101, 9385, 2552, 102]",4
306,176,"[101, 17800, 15826, 1998, 5500, 9385, 2098, 2678, 2399, 102]","[101, 10219, 2005, 2039, 2000, 1017, 2086, 1010, 2030, 2986, 1010, 2030, 2119, 102]","[101, 9385, 2552, 102]",4
307,99,"[101, 3140, 2208, 9797, 2000, 2147, 1999, 15571, 2030, 25135, 3785, 102]","[101, 10219, 2005, 2039, 2000, 1017, 2086, 1010, 2030, 2986, 1010, 2030, 2119, 102]","[101, 4450, 4277, 102]",4
308,211,"[101, 5117, 1999, 11703, 22048, 6078, 2066, 8840, 4140, 8378, 2030, 22369, 5821, 102]","[101, 10219, 2005, 2039, 2000, 1017, 2086, 1010, 2030, 2986, 1010, 2030, 2119, 102]","[101, 7325, 3860, 2552, 102]",4
309,73,"[101, 2109, 1996, 4274, 2030, 4816, 4807, 2000, 4053, 2030, 18077, 3784, 10355, 7248, 102]","[101, 10219, 2005, 2039, 2000, 1021, 2086, 1010, 2030, 2986, 1010, 2030, 2119, 102]","[101, 2009, 2552, 102]",4
